model,cv_mae,cv_rmse,cv_r2,test_mae,test_rmse,test_r2
xgboost_regressor,23.008874400951456,29.415031647132622,0.19180194988969393,21.9890569537337,28.953120156989396,0.46266208348106375
linear_regression,32.38573268407182,39.07628505696357,-0.4088849539367669,24.3065838363178,30.28380204675058,0.4121350880813831
