model,cv_accuracy,cv_precision,cv_recall,cv_f1,cv_roc_auc,cv_brier,test_accuracy,test_precision,test_recall,test_f1,test_roc_auc,test_brier,test_log_loss,calibrated_test_accuracy,calibrated_test_precision,calibrated_test_recall,calibrated_test_f1,calibrated_test_roc_auc,calibrated_test_brier,calibrated_test_log_loss,selected_calibration_method
logistic_regression,0.7288707691572696,0.6918788295625533,0.6961587768350682,0.6930077742815298,0.8183766462008784,0.21701754291988554,0.6553062985332183,0.8959677419354839,0.43062015503875967,0.5816753926701571,0.715474843905529,0.30966170120107567,2.232104008633904,0.6695427092320967,0.9106583072100314,0.4503875968992248,0.6026970954356846,0.7266240988749133,0.2511482520951083,0.7373706494510779,sigmoid
xgboost_classifier,0.7060739803619601,0.6711001544807824,0.6574376221722927,0.6600187569739937,0.7950421739648772,0.2469848891099294,0.6453839516824849,0.7947103274559194,0.48914728682170544,0.6055662188099808,0.6927278451422194,0.28393569588661194,1.1032357154186416,0.6453839516824849,0.7947103274559194,0.48914728682170544,0.6055662188099808,0.6927278451422194,0.28393569588661194,1.1032357154186416,none
