model,cv_mae,cv_rmse,cv_r2,test_mae,test_rmse,test_r2
xgboost_regressor,16.858285628562324,22.903969508918937,0.3703509539143613,17.67607662775745,27.125308843845456,0.4128090929264543
linear_regression,33.35860872318845,41.56573382559523,-1.0880800926196237,28.92776700547981,36.38572576651286,-0.05655478763121913
