model,cv_mae,cv_rmse,cv_r2,test_mae,test_rmse,test_r2
linear_regression,17.548977637656055,23.57395076602289,0.4819144307167857,16.166869007807975,21.6270842395159,0.5037935270366479
xgboost_regressor,17.83752423399501,24.232680576305782,0.4522197301735062,16.377827827234096,22.071588655396127,0.48318671502370913
