model,cv_accuracy,cv_precision,cv_recall,cv_f1,cv_roc_auc,cv_brier,test_accuracy,test_precision,test_recall,test_f1,test_roc_auc,test_brier,test_log_loss,calibrated_test_accuracy,calibrated_test_precision,calibrated_test_recall,calibrated_test_f1,calibrated_test_roc_auc,calibrated_test_brier,calibrated_test_log_loss,selected_calibration_method
logistic_regression,0.7265389143925806,0.7287406426466408,0.7199902076557713,0.7240051930541701,0.8072007309774222,0.19291480656981583,0.7740927661619803,0.8105300023348121,0.764647577092511,0.7869205485662473,0.8655971648394786,0.15245758895331832,0.46764302608049424,0.7797404470079308,0.8062910160669835,0.7848017621145374,0.7954012724634446,0.8660735457575532,0.15179796368207746,0.4669544682662187,isotonic
xgboost_classifier,0.7461308987917453,0.7485118551040225,0.7422810225622367,0.7450963483296396,0.8286305747056545,0.17611311872800192,0.7557077625570776,0.7940762463343108,0.7455396475770925,0.7690428855438796,0.8553610093283279,0.1594218611717224,0.47816347261948927,0.7557077625570776,0.7940762463343108,0.7455396475770925,0.7690428855438796,0.8553610093283279,0.1594218611717224,0.47816347261948927,none
