model,cv_mae,cv_rmse,cv_r2,test_mae,test_rmse,test_r2
xgboost_regressor,12.855416547688385,18.867766565459608,0.6216362109522809,11.517889773596348,17.23557992465872,0.6447457649764421
linear_regression,14.635719467121385,19.724631093532164,0.5872756484790328,13.796774654974582,19.082498400529214,0.5645303103373525
